{
  "sub8b_model": "llama-3.2-3b",
  "tasks": {
    "classification": {
      "sub8b_per_level_quality": {
        "L1": 0.4666666666666667,
        "L2": 0.9,
        "L3": 0.6666666666666666,
        "L4": 0.7333333333333333,
        "L5": 0.6666666666666666,
        "L6": 0.7,
        "L7": 0.7666666666666667
      },
      "ref_per_level_quality": {
        "L1": 0.78,
        "L2": 0.89,
        "L3": 0.93,
        "L4": 1.0,
        "L5": 0.91,
        "L6": 0.97,
        "L7": 0.97
      },
      "sub8b_per_level_tokens": {
        "L1": 64.96666666666667,
        "L2": 72.96666666666667,
        "L3": 78.96666666666667,
        "L4": 117.96666666666667,
        "L5": 139.96666666666667,
        "L6": 194.96666666666667,
        "L7": 218.96666666666667
      },
      "sub8b_l1_l7_delta": 0.30000000000000004,
      "ref_l1_l7_delta": 0.18999999999999995,
      "n_sub8b_runs": 210
    },
    "product_extraction": {
      "sub8b_per_level_quality": {
        "L1": 0.0,
        "L2": 0.0,
        "L3": 0.7763157894736842,
        "L4": 0.75,
        "L5": 0.8375,
        "L6": 0.8375,
        "L7": 0.85
      },
      "ref_per_level_quality": {
        "L1": 0.7675,
        "L2": 0.7975,
        "L3": 0.825,
        "L4": 0.8,
        "L5": 0.79,
        "L6": 0.8300000000000001,
        "L7": 0.865
      },
      "sub8b_per_level_tokens": {
        "L1": 79.9,
        "L2": 90.9,
        "L3": 104.73684210526316,
        "L4": 154,
        "L5": 162.95,
        "L6": 234.95,
        "L7": 301.95
      },
      "sub8b_l1_l7_delta": 0.85,
      "ref_l1_l7_delta": 0.09750000000000003,
      "n_sub8b_runs": 122
    }
  }
}