{
  "classification": {
    "llama-3.1-8b": {
      "saturation_by_threshold": {
        "0.85": 66.7073073073073,
        "0.9": 70.43203203203203,
        "0.95": 75.27417417417416,
        "0.99": 85.33093093093092
      },
      "knee_estimate": 71.92192192192192,
      "fit_type": "sigmoid",
      "r2": 0.866475626297974
    },
    "gemini-flash": {
      "saturation_by_threshold": {
        "0.85": 29.0,
        "0.9": 31.38938938938939,
        "0.95": 41.62962962962963,
        "0.99": 51.528528528528525
      },
      "knee_estimate": 33.77877877877878,
      "fit_type": "sigmoid",
      "r2": 0.935589787568861
    },
    "qwen3-32b": {
      "saturation_by_threshold": {
        "0.85": 41.3,
        "0.9": 68.92232232232232,
        "0.95": 164.02702702702703,
        "0.99": 328.3623623623624
      },
      "knee_estimate": 41.999299299299295,
      "fit_type": "logarithmic",
      "r2": 0.7527236435835652
    },
    "llama-3.3-70b": {
      "saturation_by_threshold": {
        "0.85": 64.1,
        "0.9": 64.1,
        "0.95": 64.1,
        "0.99": 66.33483483483482
      },
      "knee_estimate": 65.58988988988989,
      "fit_type": "sigmoid",
      "r2": 0.9569971444916584
    },
    "kimi-k2": {
      "saturation_by_threshold": {
        "0.85": 55.877027027027026,
        "0.9": 56.240540540540536,
        "0.95": 57.33108108108108,
        "0.99": 59.148648648648646
      },
      "knee_estimate": 56.60405405405405,
      "fit_type": "sigmoid",
      "r2": 0.9547238594873266
    },
    "gpt-4o-mini": {
      "saturation_by_threshold": {
        "0.85": 43.147147147147145,
        "0.9": 46.89089089089089,
        "0.95": 49.61361361361361,
        "0.99": 53.35735735735736
      },
      "knee_estimate": 50.294294294294296,
      "fit_type": "sigmoid",
      "r2": 0.9767313020083095
    },
    "claude-haiku": {
      "saturation_by_threshold": {
        "0.85": 38.5,
        "0.9": 38.5,
        "0.95": 38.5,
        "0.99": 55.05005005005005
      },
      "knee_estimate": 48.89189189189189,
      "fit_type": "sigmoid",
      "r2": 0.6461425563558373
    }
  },
  "product_extraction": {
    "llama-3.1-8b": {
      "saturation_by_threshold": {
        "0.85": 79.9,
        "0.9": 79.9,
        "0.95": 233.5856856856857,
        "0.99": 242.5026026026026
      },
      "knee_estimate": 239.87997997997996,
      "fit_type": "sigmoid",
      "r2": 0.7204910834205411
    },
    "gemini-flash": {
      "saturation_by_threshold": {
        "0.85": 292.7570465202044,
        "0.9": 380.97101048416835,
        "0.95": 471.24845898530106,
        "0.99": 545.533902323376
      },
      "knee_estimate": 563.0735208893103,
      "fit_type": "sigmoid",
      "r2": 0.8297161435665862
    },
    "qwen3-32b": {
      "saturation_by_threshold": {
        "0.85": 159.5054054054054,
        "0.9": 245.28393393393395,
        "0.95": 377.8507507507508,
        "0.99": 532.7719719719721
      },
      "knee_estimate": 62.28973973973974,
      "fit_type": "logarithmic",
      "r2": 0.9300816481332342
    },
    "llama-3.3-70b": {
      "saturation_by_threshold": {
        "0.85": 79.9,
        "0.9": 79.9,
        "0.95": 91.96406406406408,
        "0.99": 115.04314314314314
      },
      "knee_estimate": 96.16026026026026,
      "fit_type": "sigmoid",
      "r2": 0.9426004666756487
    },
    "kimi-k2": {
      "saturation_by_threshold": {
        "0.85": 116.68088088088089,
        "0.9": 200.1943943943944,
        "0.95": 342.47667667667673,
        "0.99": 526.5157157157157
      },
      "knee_estimate": 71.83103103103103,
      "fit_type": "logarithmic",
      "r2": 0.6954952219331706
    },
    "gpt-4o-mini": {
      "saturation_by_threshold": {
        "0.85": 222.57802802802803,
        "0.9": 316.7697197197197,
        "0.95": 422.36356356356356,
        "0.99": 519.5297297297296
      },
      "knee_estimate": 502.1786286286286,
      "fit_type": "sigmoid",
      "r2": 0.8769493403495525
    },
    "claude-haiku": {
      "saturation_by_threshold": {
        "0.85": 481.3854854854854,
        "0.9": 503.5156156156155,
        "0.95": 535.6043043043043,
        "0.99": 585.9503503503503
      },
      "knee_estimate": 485.8115115115114,
      "fit_type": "sigmoid",
      "r2": 0.9802437220033889
    }
  }
}